[null,{"name":"help","permissions":"NONE","restriction":"0","actions":[{"channel":"0","varName":"","message":"```\n<>help                      Lists available commands\n<>kick [@user] [reason]     Kicks the mentioned user\n<>ban [@user] [reason]      Bans the mentioned user\n<>warn [@user] [reason]     Warns mentioned member\n<>warns [@user]             shows mentioned users amount of warns\n<>cwarns [@user]            clears the warnings of mentioned user\n<>clear [number]            clears the specified number of msg's\n<>mute [@user]              Mutes the mentioned user\n<>unmute [@user]            Unmutes the mentioned user\n<>deletechannel [#channel]  Deletes the mentioned channel\n<>deleterole [#channel]     Deletes the mentioned role\n<>meme                      Sends A Random Meme \n<>embed [#channel] [msg]    send a message to mentioned channel\n<>morse [message]           converts your message to morse code\n<>covid19 [country]         displays covid stats for your country\n<>badge                     displays discord badge\n<>dog                       generates a random DOG\n<>weather [country]         display's your weather\n\n```","storage":"0","varName2":"","iffalse":"0","iffalseVal":"","name":"Send Message"}],"_id":"aTeCA"},{"name":"helpo","permissions":"NONE","restriction":"2","_id":"VuCFu","actions":[{"channel":"0","varName":"","message":"``\nhere is the list of hidden commands!\n\n<>setstatus [status code]                   sets a custom status for bot\n<>setcs                                     sets the bots custom status\n\n\n\n\n\n\n\n``","storage":"0","varName2":"","iffalse":"0","iffalseVal":"","name":"Send Message"}]},{"name":"kick","permissions":"KICK_MEMBERS","restriction":"1","actions":[{"condition":"1","comparison":"0","value":"1","iftrue":"3","iftrueVal":"2","iffalse":"0","iffalseVal":"","name":"Check Parameters"},{"channel":"0","varName":"","message":"```\nPlease mention one user in order to kick them!\n!Kick [@user] [reason]\n```","storage":"0","varName2":"","name":"Send Message"},{"name":"End Action Sequence"},{"info":"1","infoIndex":"2","storage":"1","varName":"reason","name":"Store Command Params"},{"channel":"0","varName":"","message":"you have been kick from the server\n\nhttps://tenor.com/view/virtual-kick-kick-you-have-been-kicked-in-the-ass-gif-15485747","storage":"0","varName2":"","iffalse":"0","iffalseVal":"","name":"Send Message"},{"member":"0","varName":"","reason":"${tempVars(\"reason\") || \"\"}","name":"Kick Member"}],"_id":"pNYrL"},{"name":"ban","permissions":"BAN_MEMBERS","restriction":"1","actions":[{"condition":"1","comparison":"0","value":"1","iftrue":"3","iftrueVal":"2","iffalse":"0","iffalseVal":"","name":"Check Parameters"},{"channel":"0","varName":"","message":"```\nPlease mention one user in order to ban them!\n!Ban [@user] [reason]\n```","storage":"0","varName2":"","name":"Send Message"},{"name":"End Action Sequence"},{"info":"1","infoIndex":"2","storage":"1","varName":"reason","name":"Store Command Params"},{"channel":"0","varName":"","message":"you have been Banned from the server!\n\nhttps://tenor.com/view/ban-push-throw-user-admin-banned-gif-17368173","storage":"0","varName2":"","iffalse":"0","iffalseVal":"","name":"Send Message"},{"member":"0","varName":"","reason":"${tempVars(\"reason\") || \"\"}","name":"Ban Member"}],"_id":"pWBGG"},{"name":"warn","permissions":"KICK_MEMBERS","restriction":"1","_id":"WcMcz","actions":[{"info":"2","infoIndex":"1","storage":"1","varName":"Sent Message","name":"Store Command Params"},{"info":"1","infoIndex":"2","storage":"1","varName":"eason","name":"Store Command Params"},{"server":"0","varName":"","info":"1","storage":"1","varName2":"ServerID","name":"Store Server Info"},{"input":"","format":"","filename":"","filepath":"./warns/${tempVars(\"ServerID\")}","filetask":"0","input2":"","name":"File Control"},{"server":"0","varName":"","info":"2","storage":"1","varName2":"Name","name":"Store Server Info"},{"input":"","format":"","filename":"!!${tempVars(\"Name\")}","filepath":"./warns/${tempVars(\"ServerID\")}/","filetask":"1","input2":"","name":"File Control"},{"member":"2","varName":"Sent Message","info":"1","storage":"1","varName2":"Mem ID","name":"Store Member Info"},{"member":"1","varName":"Sent Message","info":"21","storage":"1","varName2":"mod is","name":"Store Member Info"},{"type":"0","storage":"1","varName":"Year","name":"Store Time Info"},{"type":"1","storage":"1","varName":"Month","name":"Store Time Info"},{"type":"2","storage":"1","varName":"Day","name":"Store Time Info"},{"type":"3","storage":"1","varName":"Hour","name":"Store Time Info"},{"type":"4","storage":"1","varName":"Munitw","name":"Store Time Info"},{"type":"5","storage":"1","varName":"Seccond","name":"Store Time Info"},{"member":"2","varName":"Sent Message","info":"21","storage":"1","varName2":"Mem Tag","name":"Store Member Info"},{"input":"[${tempVars(\"Year\")}:${tempVars(\"Month\")}:${tempVars(\"Day\")}:${tempVars(\"Hour\")}:${tempVars(\"Munitw\")}:${tempVars(\"Seccond\")}] -> ${tempVars(\"Mem Tag\")}: **Warned by:**${tempVars(\"mod is\")} **For:** ${tempVars(\"eason\")}\n\n","format":".txt","filename":"${tempVars(\"Mem ID\")}","filepath":"./warns/${tempVars(\"ServerID\")}/","filetask":"2","input2":"","name":"File Control"},{"input":"[${tempVars(\"Year\")}:${tempVars(\"Month\")}:${tempVars(\"Day\")}:${tempVars(\"Hour\")}:${tempVars(\"Munitw\")}:${tempVars(\"Seccond\")}] -> ${tempVars(\"Mem Tag\")}: **Warned by:**${tempVars(\"mod is\")} **For:** ${tempVars(\"eason\")}\n\n","format":".txt","filename":"!massserverlog","filepath":"./warns/${tempVars(\"ServerID\")}/","filetask":"2","input2":"","name":"File Control"},{"info":"0","find":"${tempVars(\"Mem ID\")}","storage":"1","varName":"Username","find2":"0","iffalse":"0","iffalseVal":"","name":"Find Member"},{"title":"User warned","author":"","color":"RED","url":"","authorIcon":"","authorUrl":"","imageUrl":"","thumbUrl":"","timestamp":"false","debug":"false","text":"","year":"","month":"","day":"","hour":"","minute":"","second":"","storage":"1","varName":"user wanred","name":"Create Embed Message"},{"storage":"1","varName":"user wanred","message":"${tempVars(\"Sent Message\")} was warned for ${tempVars(\"eason\")}","name":"Set Embed Description"},{"storage":"1","varName":"user wanred","message":"Warned by: ${tempVars(\"mod is\")}","footerIcon":"","name":"Set Embed Footer"},{"storage":"1","varName":"user wanred","channel":"0","varName2":"","storage3":"0","varName3":"","iffalse":"0","iffalseVal":"","messageContent":"","name":"Send Embed Message"},{"title":"You have been warned","author":"","color":"","url":"","authorIcon":"","authorUrl":"","imageUrl":"","thumbUrl":"","timestamp":"false","debug":"false","text":"","year":"","month":"","day":"","hour":"","minute":"","second":"","storage":"1","varName":"DM USer","name":"Create Embed Message"},{"storage":"1","varName":"DM USer","message":"You were warned in **${tempVars(\"Name\")}** for:\n\n\n```${tempVars(\"eason\")}```","name":"Set Embed Description"},{"storage":"1","varName":"DM USer","channel":"5","varName2":"Sent Message","storage3":"0","varName3":"","iffalse":"0","iffalseVal":"","messageContent":"","name":"Send Embed Message"}],"comType":"0"},{"name":"cwarns","permissions":"NONE","restriction":"1","_id":"IlUoW","actions":[{"info":"2","infoIndex":"1","storage":"1","varName":"Member","name":"Store Command Params"},{"member":"2","varName":"Member","info":"1","storage":"1","varName2":"MemberID","name":"Store Member Info"},{"server":"0","varName":"","info":"1","storage":"1","varName2":"ServerID","name":"Store Server Info"},{"input":"","format":".txt","filename":"${tempVars(\"MemberID\")}","filepath":"./warns/${tempVars(\"ServerID\")}/","filetask":"3","input2":"","name":"File Control"},{"title":"Logs Cleared","author":"","color":"GREEN","url":"","authorIcon":"","authorUrl":"","imageUrl":"","thumbUrl":"","timestamp":"false","debug":"false","text":"","year":"","month":"","day":"","hour":"","minute":"","second":"","storage":"1","varName":"Embed","name":"Create Embed Message"},{"storage":"1","varName":"Embed","channel":"0","varName2":"","storage3":"0","varName3":"","iffalse":"0","iffalseVal":"","messageContent":"","name":"Send Embed Message"}]},{"name":"warns","permissions":"MANAGE_MESSAGES","restriction":"1","_id":"Bgnra","actions":[{"server":"0","varName":"","info":"1","storage":"1","varName2":"Server ID","name":"Store Server Info"},{"server":"0","varName":"","info":"2","storage":"1","varName2":"Server Name","name":"Store Server Info"},{"member":"0","varName":"","info":"1","storage":"1","varName2":"Member ID","name":"Store Member Info"},{"filename":"warns/${tempVars(\"Server ID\")}/${tempVars(\"Member ID\")}.txt","storage":"1","varName2":"File","name":"Read File"},{"title":"Warn Transcript for: ${tempVars(\"Server Name\")}","author":"","color":"LIME","url":"","authorIcon":"","authorUrl":"","imageUrl":"","thumbUrl":"","timestamp":"false","debug":"false","text":"","year":"","month":"","day":"","hour":"","minute":"","second":"","storage":"1","varName":"Embed","name":"Create Embed Message"},{"storage":"1","varName":"Embed","message":"${tempVars(\"File\")}","name":"Set Embed Description"},{"storage":"1","varName":"Embed","channel":"0","varName2":"","storage3":"0","varName3":"","iffalse":"0","iffalseVal":"","messageContent":"","name":"Send Embed Message"}],"comType":"0"},{"name":"mute","permissions":"MUTE_MEMBERS","restriction":"1","actions":[{"condition":"1","comparison":"0","value":"1","iftrue":"3","iftrueVal":"2","iffalse":"0","iffalseVal":"","name":"Check Parameters"},{"channel":"0","varName":"","message":"```\nPlease mention one user in order to mute them!\n!Mute [@user]\n```","storage":"0","varName2":"","name":"Send Message"},{"name":"End Action Sequence"},{"member":"0","varName":"","mute":"0","name":"Set Member Mute"}],"_id":"eixJJ"},{"name":"unmute","permissions":"MUTE_MEMBERS","restriction":"1","actions":[{"condition":"1","comparison":"0","value":"1","iftrue":"3","iftrueVal":"2","iffalse":"0","iffalseVal":"","name":"Check Parameters"},{"channel":"0","varName":"","message":"```\nPlease mention one user in order to unmute them!\n!Unmute [@user]\n```","storage":"0","varName2":"","name":"Send Message"},{"name":"End Action Sequence"},{"member":"0","varName":"","mute":"1","name":"Set Member Mute"}],"_id":"hfDFA"},{"name":"deletechannel","permissions":"MANAGE_CHANNELS","restriction":"1","actions":[{"condition":"2","comparison":"0","value":"1","iftrue":"3","iftrueVal":"2","iffalse":"0","iffalseVal":"","name":"Check Parameters"},{"channel":"0","varName":"","message":"```\nPlease mention one channel in order to delete it!\n!DeleteChannel [#channel]\n```","storage":"0","varName2":"","name":"Send Message"},{"name":"End Action Sequence"},{"storage":"1","varName":"","name":"Delete Channel"}],"_id":"WXUmB"},{"name":"deleterole","permissions":"MANAGE_ROLES","restriction":"1","actions":[{"condition":"3","comparison":"0","value":"1","iftrue":"3","iftrueVal":"2","iffalse":"0","iffalseVal":"","name":"Check Parameters"},{"channel":"0","varName":"","message":"```\nPlease mention one role in order to delete it!\n!DeleteRole [@role]\n```","storage":"0","varName2":"","name":"Send Message"},{"name":"End Action Sequence"},{"storage":"0","varName":"","name":"Delete Role"}],"_id":"aBWPP"},{"name":"embed","permissions":"BAN_MEMBERS","restriction":"1","actions":[{"info":"1","infoIndex":"2","storage":"1","varName":"say","name":"Store Command Params"},{"condition":"0","comparison":"1","value":"2","iftrue":"2","iftrueVal":"11","iffalse":"0","iffalseVal":"","name":"Check Parameters"},{"member":"1","varName":"","info":"21","storage":"1","varName2":"author-tag","name":"Store Member Info"},{"member":"1","varName":"","info":"16","storage":"1","varName2":"author-avatar","name":"Store Member Info"},{"server":"0","varName":"","info":"5","storage":"1","varName2":"server-avatar","name":"Store Server Info"},{"member":"1","varName":"","permission":"MANAGE_CHANNELS","iftrue":"0","iftrueVal":"","iffalse":"2","iffalseVal":"15","name":"Check Member Permissions"},{"title":"photography ranch","author":"","color":"ff66ff","url":"https://discord.gg/Y8MPxSs","authorIcon":"","authorUrl":"","imageUrl":"https://www.google.com/url?sa=i&url=https%3A%2F%2Fwww.pinterest.com%2Fpin%2F375206212677689292%2F&psig=AOvVaw3Q7GZ-sVaJEWsVf-mpBonc&ust=1602277904405000&source=images&cd=vfe&ved=0CAIQjRxqFwoTCJjj6dP0pewCFQAAAAAdAAAAABAD","thumbUrl":"https://www.google.com/url?sa=i&url=https%3A%2F%2Fwww.pinterest.com%2Fpin%2F375206212677689292%2F&psig=AOvVaw3Q7GZ-sVaJEWsVf-mpBonc&ust=1602277904405000&source=images&cd=vfe&ved=0CAIQjRxqFwoTCJjj6dP0pewCFQAAAAAdAAAAABAD","timestamp":"true","debug":"true","text":"","year":"","month":"","day":"","hour":"","minute":"","second":"","storage":"1","varName":"announce","name":"Create Embed Message"},{"storage":"1","varName":"announce","message":"${tempVars(\"say\")}","name":"Set Embed Description"},{"storage":"1","varName":"announce","channel":"3","varName2":"","storage3":"0","varName3":"","iffalse":"0","iffalseVal":"","messageContent":"","name":"Send Embed Message"},{"name":"End Action Sequence"},{"channel":"0","varName":"","message":"**❌ You need to add a text to be able to talk in cool embed messages:**\n**Eg:** `${this.getDBM().Files.data.settings.tag}embed #channel <message>`","storage":"0","varName2":"","iffalse":"0","iffalseVal":"","name":"Send Message"},{"name":"End Action Sequence"},{"channel":"0","varName":"","message":":key: You need **[Manage Channels Permission]** to use this command!","storage":"0","varName2":"","iffalse":"0","iffalseVal":"","name":"Send Message"},{"time":"10","measurement":"1","name":"Wait"},{"name":"End Action Sequence"}],"_id":"Gqonj"},{"name":"meme","permissions":"NONE","restriction":"1","_id":"LFvKU","actions":[{"token":"","user":"","pass":"","url":"https://some-random-api.ml/meme","path":"image","storage":"1","varName":"img","debugMode":"1","headers":"","name":"Store Json From WebAPI"},{"token":"","user":"","pass":"","url":"https://some-random-api.ml/meme","path":"caption","storage":"1","varName":"caption","debugMode":"1","headers":"","name":"Store Json From WebAPI"},{"token":"","user":"","pass":"","url":"https://some-random-api.ml/meme","path":"category","storage":"1","varName":"category","debugMode":"1","headers":"","name":"Store Json From WebAPI"},{"title":"${tempVars(\"caption\")}","author":"","color":"#6530b0","url":"","authorIcon":"","authorUrl":"","imageUrl":"${tempVars(\"img\")}","thumbUrl":"","timestamp":"false","debug":"false","text":"","year":"","month":"","day":"","hour":"","minute":"","second":"","storage":"1","varName":"embed","name":"Create Embed Message"},{"storage":"1","varName":"embed","message":"random memes from Reddit","footerIcon":"","name":"Set Embed Footer"},{"storage":"1","varName":"embed","message":"Category: ${tempVars(\"category\")}","name":"Set Embed Description"},{"storage":"1","varName":"embed","channel":"0","varName2":"","storage3":"0","varName3":"","iffalse":"0","iffalseVal":"","messageContent":"","name":"Send Embed Message"}],"comType":"0"},{"name":"badge","permissions":"NONE","restriction":"1","actions":[{"member":"1","varName":"","dataName":"blacklist","defaultVal":"0","storage":"1","varName2":"data","name":"Store Member Data"},{"member":"1","varName":"","dataName":"blacklist","comparison":"1","value":"0","iftrue":"2","iftrueVal":"7","iffalse":"0","iffalseVal":"","name":"Check Member Data"},{"title":"__Error__","author":"","color":"RANDOM","timestamp":"false","url":"","authorIcon":"","imageUrl":"","thumbUrl":"","storage":"1","varName":"error1Warn","name":"Create Embed Message"},{"storage":"1","varName":"error1Warn","message":"You cannot execute this command!\nReason: Blacklisted","name":"Set Embed Description"},{"storage":"1","varName":"error1Warn","channel":"0","varName2":"","storage3":"0","varName3":"","name":"Send Embed Message"},{"name":"End Action Sequence"},{"condition":"0","comparison":"0","value":"1","iftrue":"2","iftrueVal":"12","iffalse":"0","iffalseVal":"","name":"Check Parameters"},{"title":"","author":"","color":"RANDOM","timestamp":"false","url":"","authorIcon":"","imageUrl":"","thumbUrl":"","storage":"1","varName":"error","name":"Create Embed Message"},{"storage":"1","varName":"error","message":"Error! Please mention which discord badge do you want to see.\nValid Option: \nhypesquad_bal, hypesquad_bril, hypesquad_brav, discord_nitro, discord_partner, discord_staff, discord_bug_hunter_tier_1, discord_bug_hunter_tier_2, early_supporter, nitro_booster, hypesquad_event, verified_dev ","name":"Set Embed Description"},{"storage":"1","varName":"error","channel":"0","varName2":"","storage3":"0","varName3":"","name":"Send Embed Message"},{"name":"End Action Sequence"},{"info":"0","infoIndex":"1","storage":"1","varName":"badgeName","name":"Store Command Params"},{"storage":"1","varName":"badgeName","comparison":"1","value":"\"hypesquad_bal\"","iftrue":"2","iftrueVal":"29","iffalse":"0","iffalseVal":"","name":"Check Variable"},{"storage":"1","varName":"badgeName","comparison":"1","value":"\"hypesquad_bril\"","iftrue":"2","iftrueVal":"35","iffalse":"0","iffalseVal":"","name":"Check Variable"},{"storage":"1","varName":"badgeName","comparison":"1","value":"\"hypesquad_brav\"","iftrue":"2","iftrueVal":"41","iffalse":"0","iffalseVal":"","name":"Check Variable"},{"storage":"1","varName":"badgeName","comparison":"1","value":"\"discord_nitro\"","iftrue":"2","iftrueVal":"47","iffalse":"0","iffalseVal":"","name":"Check Variable"},{"storage":"1","varName":"badgeName","comparison":"1","value":"\"discord_partner\"","iftrue":"2","iftrueVal":"53","iffalse":"0","iffalseVal":"","name":"Check Variable"},{"storage":"1","varName":"badgeName","comparison":"1","value":"\"discord_staff\"","iftrue":"2","iftrueVal":"59","iffalse":"0","iffalseVal":"","name":"Check Variable"},{"storage":"1","varName":"badgeName","comparison":"1","value":"\"discord_bug_hunter_tier_1\"","iftrue":"2","iftrueVal":"65","iffalse":"0","iffalseVal":"","name":"Check Variable"},{"storage":"1","varName":"badgeName","comparison":"1","value":"\"discord_bug_hunter_tier_2\"","iftrue":"2","iftrueVal":"71","iffalse":"0","iffalseVal":"","name":"Check Variable"},{"storage":"1","varName":"badgeName","comparison":"1","value":"\"early_supporter\"","iftrue":"2","iftrueVal":"77","iffalse":"0","iffalseVal":"","name":"Check Variable"},{"storage":"1","varName":"badgeName","comparison":"1","value":"\"nitro_booster\"","iftrue":"2","iftrueVal":"83","iffalse":"0","iffalseVal":"","name":"Check Variable"},{"storage":"1","varName":"badgeName","comparison":"1","value":"\"hypesquad_event\"","iftrue":"2","iftrueVal":"89","iffalse":"0","iffalseVal":"","name":"Check Variable"},{"storage":"1","varName":"badgeName","comparison":"1","value":"\"verified_dev\"","iftrue":"2","iftrueVal":"95","iffalse":"0","iffalseVal":"","name":"Check Variable"},{"title":"","author":"","color":"RANDOM","timestamp":"false","url":"","authorIcon":"","imageUrl":"","thumbUrl":"","storage":"1","varName":"error2","name":"Create Embed Message"},{"storage":"1","varName":"error2","message":"Error! Thats not a discord badge!\nValid Option: \nhypesquad_bal, hypesquad_bril, hypesquad_brav, discord_nitro, discord_partner, discord_staff, discord_bug_hunter_tier_1, discord_bug_hunter_tier_2, early_supporter, nitro_booster, hypesquad_event, verified_dev ","name":"Set Embed Description"},{"storage":"1","varName":"error2","channel":"0","varName2":"","storage3":"0","varName3":"","name":"Send Embed Message"},{"name":"End Action Sequence"},{"title":"HypeSquad Balance","author":"","color":"GREEN","timestamp":"false","url":"","authorIcon":"","imageUrl":"","thumbUrl":"https://cdn.discordapp.com/attachments/717298578006999100/747000059148763176/balance.png","storage":"1","varName":"hypesquadBalance","name":"Create Embed Message"},{"storage":"1","varName":"hypesquadBalance","message":"Note: Some of the following explaination might be incorrect, please take the information as a grain of salt.","name":"Set Embed Description"},{"storage":"1","varName":"hypesquadBalance","fieldName":"What is Hypesuqad Balance?","message":"Hypesquad Balance is different set of houses that discord have set. Discord will sometimes hold event and use Hypesquad houses as teams.","inline":"1","name":"Add Embed Field"},{"storage":"1","varName":"hypesquadBalance","fieldName":"How To Obtain?","message":"Simple! Follow the steps below.\nSettings > Hypesquad > Follow Step In That Page.","inline":"1","name":"Add Embed Field"},{"storage":"1","varName":"hypesquadBalance","channel":"0","varName2":"","storage3":"0","varName3":"","name":"Send Embed Message"},{"name":"End Action Sequence"},{"title":"HypeSquad Brilliance","author":"","color":"RED","timestamp":"false","url":"","authorIcon":"","imageUrl":"","thumbUrl":"https://cdn.discordapp.com/attachments/717298578006999100/747000048621191168/brilliance.png","storage":"1","varName":"hypesquadBrilliance","name":"Create Embed Message"},{"storage":"1","varName":"hypesquadBrilliance","message":"Note: Some of the following explaination might be incorrect, please take the information as a grain of salt.","name":"Set Embed Description"},{"storage":"1","varName":"hypesquadBrilliance","fieldName":"What is Hypesuqad Brilliance?","message":"Hypesquad Brilliance is different set of houses that discord have set. Discord will sometimes hold event and use Hypesquad houses as teams.","inline":"1","name":"Add Embed Field"},{"storage":"1","varName":"hypesquadBrilliance","fieldName":"How To Obtain?","message":"Simple! Follow the steps below.\nSettings > Hypesquad > Follow Step In That Page.","inline":"1","name":"Add Embed Field"},{"storage":"1","varName":"hypesquadBrilliance","channel":"0","varName2":"","storage3":"0","varName3":"","name":"Send Embed Message"},{"name":"End Action Sequence"},{"title":"HypeSquad Bravey","author":"","color":"GREEN","timestamp":"false","url":"","authorIcon":"","imageUrl":"","thumbUrl":"https://cdn.discordapp.com/attachments/717298578006999100/747000046205009930/bravery.png","storage":"1","varName":"hypesquadBravey","name":"Create Embed Message"},{"storage":"1","varName":"hypesquadBravey","message":"Note: Some of the following explaination might be incorrect, please take the information as a grain of salt.","name":"Set Embed Description"},{"storage":"1","varName":"hypesquadBravey","fieldName":"What is Hypesuqad Bravey?","message":"Hypesquad Bravey is different set of houses that discord have set. Discord will sometimes hold event and use Hypesquad houses as teams.","inline":"1","name":"Add Embed Field"},{"storage":"1","varName":"hypesquadBravey","fieldName":"How To Obtain?","message":"Simple! Follow the steps below.\nSettings > Hypesquad > Follow Step In That Page.","inline":"1","name":"Add Embed Field"},{"storage":"1","varName":"hypesquadBravey","channel":"0","varName2":"","storage3":"0","varName3":"","name":"Send Embed Message"},{"name":"End Action Sequence"},{"title":"Discord Nitro","author":"","color":"PURPLE","timestamp":"false","url":"","authorIcon":"","imageUrl":"","thumbUrl":"https://cdn.discordapp.com/attachments/717298578006999100/747000054660989038/nitro.png","storage":"1","varName":"discordNitro","name":"Create Embed Message"},{"storage":"1","varName":"discordNitro","message":"Note: Some of the following explaination might be incorrect, please take the information as a grain of salt!","name":"Set Embed Description"},{"storage":"1","varName":"discordNitro","fieldName":"What is Discord Nitro?","message":"Upon buying discord nitro, you will be given with special perks, for example: animated avatar, custom tags, send animated emoji and more.","inline":"1","name":"Add Embed Field"},{"storage":"1","varName":"discordNitro","fieldName":"How To Obtain?","message":"Simple! Follow The Steps Below.\nSettings > Discord Nitro > Follow Steps On That Page\n\nPricing:\nDiscord Classic\n$4.99/mo | $49.99/mo\n\nDiscord Gaming\n$9.99/mo | $99.99/mo","inline":"1","name":"Add Embed Field"},{"storage":"1","varName":"discordNitro","channel":"0","varName2":"","storage3":"0","varName3":"","name":"Send Embed Message"},{"name":"End Action Sequence"},{"title":"Discord Partner","author":"","color":"BLUE","timestamp":"false","url":"","authorIcon":"","imageUrl":"","thumbUrl":"https://cdn.discordapp.com/attachments/717298578006999100/747000056455888946/partner.png","storage":"1","varName":"discordPartner","name":"Create Embed Message"},{"storage":"1","varName":"discordPartner","message":"Note: The following information or discord partner is taken from [Article Discord Partner Requirement](https://support.discord.com/hc/en-us/articles/115001494012-Discord-Partnership-Requirements)","name":"Set Embed Description"},{"storage":"1","varName":"discordPartner","fieldName":"What is Discord Partner?","message":"The Partner Program rewards well-moderated and engaged servers with recognition and extra tools to help them invest in their community. Accepted servers receive a wealth of additional perks and benefits\n\nInformation Taken From: [Article Discord Partner Requirements](https://support.discord.com/hc/en-us/articles/115001494012-Discord-Partnership-Requirements)","inline":"1","name":"Add Embed Field"},{"storage":"1","varName":"discordPartner","fieldName":"Requirement To Obtain Badge","message":"- Have at least 500 members on your server.\n- Have at least 50 communicators (people who actively talk) per week. \n- Have at least 100 participators (people who at least visit/view your server) per week.\n- Having at least a 20% Week 1 Retention over a 8 week period.\n\nInformation Taken From: [Article Discord Partner Requirement](https://support.discord.com/hc/en-us/articles/115001494012-Discord-Partnership-Requirements)","inline":"1","name":"Add Embed Field"},{"storage":"1","varName":"discordPartner","channel":"0","varName2":"","storage3":"0","varName3":"","name":"Send Embed Message"},{"name":"End Action Sequence"},{"title":"Discord Staff","author":"","color":"YELLOW","timestamp":"false","url":"","authorIcon":"","imageUrl":"","thumbUrl":"https://cdn.discordapp.com/attachments/717298578006999100/747000057425035328/staff.png","storage":"1","varName":"discordStaff","name":"Create Embed Message"},{"storage":"1","varName":"discordStaff","message":"Note: Some of the following explaination might be incorrect, please take the information as a grain of salt.","name":"Set Embed Description"},{"storage":"1","varName":"discordStaff","fieldName":"What is Discord Staff?","message":"Discord Staff Badge. One of the hardest badge to obtain, because you need to be apart of the Discord Staff Team and to be a discord staff... its not easy.\n","inline":"1","name":"Add Embed Field"},{"storage":"1","varName":"discordStaff","fieldName":"How To Obtain?","message":"Hard to Obtain\nYou will have to be a staff on discord and also living at San Francisco Bay Area.\n","inline":"1","name":"Add Embed Field"},{"storage":"1","varName":"discordStaff","channel":"0","varName2":"","storage3":"0","varName3":"","name":"Send Embed Message"},{"name":"End Action Sequence"},{"title":"Discord Bug Hunter (Green/Tier 1)","author":"","color":"GREEN","timestamp":"false","url":"","authorIcon":"","imageUrl":"","thumbUrl":"https://cdn.discordapp.com/attachments/717298578006999100/747002270750867477/bug_hunter_badge.png","storage":"1","varName":"discordBugHunterTier1","name":"Create Embed Message"},{"storage":"1","varName":"discordBugHunterTier1","message":"Note: Some of the following explaination might be incorrect, please take the information as a grain of salt.","name":"Set Embed Description"},{"storage":"1","varName":"discordBugHunterTier1","fieldName":"What is Discord Bug Hunter Tier 1?","message":"Discord bug hunter badge is for people who find bugs and report them to discord. After reaching a certain limit of reporting bugs, you will be granted with this badge.","inline":"1","name":"Add Embed Field"},{"storage":"1","varName":"discordBugHunterTier1","fieldName":"How To Obtain?","message":"Simple! Follow the steps below.\nFind Bugs > Report To Discord > Reach Certain Limit","inline":"1","name":"Add Embed Field"},{"storage":"1","varName":"discordBugHunterTier1","channel":"0","varName2":"","storage3":"0","varName3":"","name":"Send Embed Message"},{"name":"End Action Sequence"},{"title":"Discord Bug Hunter (Gold/Tier 2)","author":"","color":"GREEN","timestamp":"false","url":"","authorIcon":"","imageUrl":"","thumbUrl":"https://cdn.discordapp.com/attachments/717298578006999100/747003887696871474/unknown.png","storage":"1","varName":"discordBugHunterTier2","name":"Create Embed Message"},{"storage":"1","varName":"discordBugHunterTier2","message":"Note: Some of the following explaination might be incorrect, please take the information as a grain of salt.","name":"Set Embed Description"},{"storage":"1","varName":"discordBugHunterTier2","fieldName":"What is Discord Bug Hunter Tier 2?","message":"Discord Bug Hunter Tier 2 is for people who have been reporting many bugs to discord (More then Discord bug hunter tier 1). After reaching a certain limit you will be granted with this rank. Take note this is the final tier of this badge.","inline":"1","name":"Add Embed Field"},{"storage":"1","varName":"discordBugHunterTier2","fieldName":"How To Obtain?","message":"Simple! Follow the steps below.\nFind Bugs > Report To Discord > Reach Certain Limit","inline":"1","name":"Add Embed Field"},{"storage":"1","varName":"discordBugHunterTier2","channel":"0","varName2":"","storage3":"0","varName3":"","name":"Send Embed Message"},{"name":"End Action Sequence"},{"title":"Early Supporter","author":"","color":"GREEN","timestamp":"false","url":"","authorIcon":"","imageUrl":"","thumbUrl":"https://cdn.discordapp.com/attachments/717298578006999100/747000052039548968/earlysupporter.png","storage":"1","varName":"earlySupporter","name":"Create Embed Message"},{"storage":"1","varName":"earlySupporter","message":"Note: The following information are taken from the YouTuber [Custom Name](https://www.youtube.com/watch?v=1-RjAvqLIkA)","name":"Set Embed Description"},{"storage":"1","varName":"earlySupporter","fieldName":"What is Early Supporter?","message":"Early Supporter is for people who have a successful Nitro transaction prior to october 10th 2018 7:20PM PDT\n\nInformation Taken From: [Custom Name](https://www.youtube.com/watch?v=1-RjAvqLIkA)","inline":"1","name":"Add Embed Field"},{"storage":"1","varName":"earlySupporter","fieldName":"How To Obtain?","message":"At this point you can NOT obtain this bagde in any sort of way. So congrats to people who have got this badge\n\nInformation Taken From: [Custom Name](https://www.youtube.com/watch?v=1-RjAvqLIkA)","inline":"1","name":"Add Embed Field"},{"storage":"1","varName":"earlySupporter","channel":"0","varName2":"","storage3":"0","varName3":"","name":"Send Embed Message"},{"name":"End Action Sequence"},{"title":"Nitro Booster","author":"","color":"PINK","timestamp":"false","url":"","authorIcon":"","imageUrl":"https://cdn.discordapp.com/attachments/697998120461664388/746931955270025326/unknown.png","thumbUrl":"https://cdn.discordapp.com/attachments/717298578006999100/747003540701970492/unknown.png","storage":"1","varName":"nitroBooster","name":"Create Embed Message"},{"storage":"1","varName":"nitroBooster","message":"Note: Some of the following explaination might be incorrect, please take the information as a grain of salt.","name":"Set Embed Description"},{"storage":"1","varName":"nitroBooster","fieldName":"What is Nitro Booster?","message":"Nitro booster badge is for people who have boosted a server, the badge looks will change depending on how long you have boost the server for (Image Below)","inline":"1","name":"Add Embed Field"},{"storage":"1","varName":"nitroBooster","fieldName":"How To Obtain?","message":"Simple! Follow the steps below.\nHead Over To A Server > Click the arrow next to server name > Find Server Boost > Click Boost Server","inline":"1","name":"Add Embed Field"},{"storage":"1","varName":"nitroBooster","channel":"0","varName2":"","storage3":"0","varName3":"","name":"Send Embed Message"},{"name":"End Action Sequence"},{"title":"HypeSquad Event","author":"","color":"GREEN","timestamp":"false","url":"","authorIcon":"","imageUrl":"","thumbUrl":"https://cdn.discordapp.com/attachments/717298578006999100/747000053427732520/hypesquad.png","storage":"1","varName":"hypeSquadEvent","name":"Create Embed Message"},{"storage":"1","varName":"hypeSquadEvent","message":"Note: The following information are taken from the YouTuber [Custom Name](https://www.youtube.com/watch?v=1-RjAvqLIkA)","name":"Set Embed Description"},{"storage":"1","varName":"hypeSquadEvent","fieldName":"What is HypeSquad Event?","message":"HypeSquad Event is for people who attend real life discord event. Only people who is older then 16 can join the event.\n\nInformation Taken From: [Custom Name](https://www.youtube.com/watch?v=1-RjAvqLIkA)\n","inline":"1","name":"Add Embed Field"},{"storage":"1","varName":"hypeSquadEvent","fieldName":"How To Obtain?","message":"Simple! Follow The Steps Below\nAttend In Real Life Discord Event > Done\n\nInformation Taken From: [Custom Name](https://www.youtube.com/watch?v=1-RjAvqLIkA)","inline":"1","name":"Add Embed Field"},{"storage":"1","varName":"hypeSquadEvent","channel":"0","varName2":"","storage3":"0","varName3":"","name":"Send Embed Message"},{"name":"End Action Sequence"},{"title":"Verified Bot Developer","author":"","color":"GREEN","timestamp":"false","url":"","authorIcon":"","imageUrl":"","thumbUrl":"https://cdn.discordapp.com/attachments/717298578006999100/747002176425164800/verified_developer_badge.png","storage":"1","varName":"verifiedBotDev","name":"Create Embed Message"},{"storage":"1","varName":"verifiedBotDev","message":"Note: Some of the following explaination might be incorrect, please take the information as a grain of salt.","name":"Set Embed Description"},{"storage":"1","varName":"verifiedBotDev","fieldName":"What is Verified Bot Developer?","message":"Verified Bot Developer Badge is given when a bot that the user own hits 75 Server. Upon hitting 75 Server, you can go to the Discord Developer portal and you will see a bar that will tell you to apply.","inline":"1","name":"Add Embed Field"},{"storage":"1","varName":"verifiedBotDev","fieldName":"How To Obtain?","message":"Simple! Follow The Steps Below\nYour Bot Hits 75 Server > Go To Discord Develoepr Portal > Click Apply.","inline":"1","name":"Add Embed Field"},{"storage":"1","varName":"verifiedBotDev","channel":"0","varName2":"","storage3":"0","varName3":"","name":"Send Embed Message"},{"name":"End Action Sequence"}],"_id":"ILexI"},{"name":"setstatus","permissions":"NONE","restriction":"2","actions":[{"info":"0","infoIndex":"1","storage":"1","varName":"status","name":"Store Command Params"},{"storage":"1","varName":"status","comparison":"1","value":"online","iftrue":"2","iftrueVal":"8","iffalse":"0","iffalseVal":"","name":"Check Variable"},{"storage":"1","varName":"status","comparison":"5","value":"dnd","iftrue":"2","iftrueVal":"18","iffalse":"0","iffalseVal":"","name":"Check Variable"},{"storage":"1","varName":"status","comparison":"1","value":"idle","iftrue":"2","iftrueVal":"13","iffalse":"0","iffalseVal":"","name":"Check Variable"},{"storage":"1","varName":"status","comparison":"1","value":"invis","iftrue":"2","iftrueVal":"23","iffalse":"0","iffalseVal":"","name":"Check Variable"},{"channel":"0","varName":"","message":"${member}, use\n````${Files.data.settings.tag} setstatus (online,idle,dnd,invis)```","storage":"0","varName2":"","iffalse":"0","iffalseVal":"","name":"Send Message"},{"name":"End Action Sequence"},{"status":"0","name":"Set Bot Status"},{"title":"Activity Changed!","author":"","color":"#551a8b","timestamp":"true","url":"","authorIcon":"","imageUrl":"","thumbUrl":"","storage":"1","varName":"playset","name":"Create Embed Message"},{"storage":"1","varName":"playset","message":"Status changed by ${member} to online!","name":"Set Embed Description"},{"storage":"1","varName":"playset","channel":"0","varName2":"","storage3":"0","varName3":"","iffalse":"0","iffalseVal":"","messageContent":"","name":"Send Embed Message"},{"name":"End Action Sequence"},{"status":"1","name":"Set Bot Status"},{"title":"Status Changed!","author":"","color":"#551a8b","timestamp":"true","url":"","authorIcon":"","imageUrl":"","thumbUrl":"","storage":"1","varName":"listenset","name":"Create Embed Message"},{"storage":"1","varName":"listenset","message":"Status changed by ${member} to idle!","name":"Set Embed Description"},{"storage":"1","varName":"listenset","channel":"0","varName2":"","name":"Send Embed Message"},{"name":"End Action Sequence"},{"status":"3","name":"Set Bot Status"},{"title":"Status Changed!","author":"","color":"#551a8b","timestamp":"true","url":"","authorIcon":"","imageUrl":"","thumbUrl":"","storage":"1","varName":"watchset","name":"Create Embed Message"},{"storage":"1","varName":"watchset","message":"Status changed by ${member} to Do Not Disturb!","name":"Set Embed Description"},{"storage":"1","varName":"watchset","channel":"0","varName2":"","name":"Send Embed Message"},{"name":"End Action Sequence"},{"status":"2","name":"Set Bot Status"},{"title":"Status Changed!","author":"","color":"#551a8b","timestamp":"true","url":"","authorIcon":"","imageUrl":"","thumbUrl":"","storage":"1","varName":"streamset","name":"Create Embed Message"},{"storage":"1","varName":"streamset","message":"Status changed by ${member} to Invisible","name":"Set Embed Description"},{"storage":"1","varName":"streamset","channel":"0","varName2":"","name":"Send Embed Message"}],"_id":"yLXOz","customData":{"Command Info":{"category":"Owner","description":"Set bot status (online,dnd,idle,invis)","include":"Yes"}}},{"name":"covid19","permissions":"NONE","restriction":"1","_id":"XzrPn","actions":[{"info":"1","infoIndex":"1","storage":"1","varName":"country","name":"Store Command Params"},{"condition":"0","comparison":"1","value":"1","iftrue":"2","iftrueVal":"16","iffalse":"0","iffalseVal":"","name":"Check Parameters"},{"token":"","user":"","pass":"","url":"https://corona.lmao.ninja/v2/countries/${tempVars(\"country\")}","path":"cases","storage":"1","varName":"cases","debugMode":"1","headers":"","name":"Store Json From WebAPI"},{"token":"","user":"","pass":"","url":"https://corona.lmao.ninja/v2/countries/${tempVars(\"country\")}","path":"todayCases","storage":"1","varName":"todaycases","debugMode":"1","headers":"","name":"Store Json From WebAPI"},{"token":"","user":"","pass":"","url":"https://corona.lmao.ninja/v2/countries/${tempVars(\"country\")}","path":"deaths","storage":"1","varName":"deaths","debugMode":"1","headers":"","name":"Store Json From WebAPI"},{"token":"","user":"","pass":"","url":"https://corona.lmao.ninja/v2/countries/${tempVars(\"country\")}","path":"todayDeaths","storage":"1","varName":"todaydeaths","debugMode":"1","headers":"","name":"Store Json From WebAPI"},{"token":"","user":"","pass":"","url":"https://corona.lmao.ninja/v2/countries/${tempVars(\"country\")}","path":"recovered","storage":"1","varName":"recovered","debugMode":"1","headers":"","name":"Store Json From WebAPI"},{"token":"","user":"","pass":"","url":"https://corona.lmao.ninja/v2/countries/${tempVars(\"country\")}","path":"todayRecovered","storage":"1","varName":"todayrecovered","debugMode":"1","headers":"","name":"Store Json From WebAPI"},{"token":"","user":"","pass":"","url":"https://corona.lmao.ninja/v2/countries/${tempVars(\"country\")}","path":"critical","storage":"1","varName":"critical","debugMode":"1","headers":"","name":"Store Json From WebAPI"},{"token":"","user":"","pass":"","url":"https://corona.lmao.ninja/v2/countries/${tempVars(\"country\")}","path":"population","storage":"1","varName":"population","debugMode":"1","headers":"","name":"Store Json From WebAPI"},{"token":"","user":"","pass":"","url":"https://corona.lmao.ninja/v2/countries/${tempVars(\"country\")}","path":"active","storage":"1","varName":"active","debugMode":"1","headers":"","name":"Store Json From WebAPI"},{"title":"😷 COVID-19 - ${tempVars(\"country\")}","author":"","color":"#FA3100","timestamp":"false","url":"","authorIcon":"","imageUrl":"","thumbUrl":"https://upload.wikimedia.org/wikipedia/commons/thumb/8/82/SARS-CoV-2_without_background.png/1200px-SARS-CoV-2_without_background.png","storage":"1","varName":"embed","name":"Create Embed Message"},{"storage":"1","varName":"embed","message":"● **Cases:** ${tempVars(\"cases\")}\n● **Today cases:** ${tempVars(\"todaycases\")}\n● **Active:** ${tempVars(\"active\")}\n● **Deaths:** ${tempVars(\"deaths\")}\n● **Today deaths:** ${tempVars(\"todaydeaths\")}\n● **Critical:** ${tempVars(\"critical\")}\n● **Recovered:** ${tempVars(\"recovered\")}\n● **Today recovered:** ${tempVars(\"todayrecovered\")}\n● **Population:** ${tempVars(\"population\")}","name":"Set Embed Description"},{"storage":"1","varName":"embed","channel":"0","varName2":"","storage3":"0","varName3":"","name":"Send Embed Message"},{"name":"End Action Sequence"},{"title":"😷 COVID-19 Statistics!","author":"","color":"#FA3100","timestamp":"false","url":"","authorIcon":"","imageUrl":"","thumbUrl":"https://upload.wikimedia.org/wikipedia/commons/thumb/8/82/SARS-CoV-2_without_background.png/1200px-SARS-CoV-2_without_background.png","storage":"1","varName":"embed2","name":"Create Embed Message"},{"storage":"1","varName":"embed2","message":"Want to know coronavirus statistics in your country? Write **\"covid19 country\"**","name":"Set Embed Description"},{"storage":"1","varName":"embed2","channel":"0","varName2":"","storage3":"0","varName3":"","name":"Send Embed Message"}]},{"name":"morse","permissions":"NONE","restriction":"1","_id":"wWOaU","actions":[{"info":"1","infoIndex":"1","storage":"1","varName":"text","name":"Store Command Params"},{"token":"","user":"","pass":"","url":"http://www.morsecode-api.de/encode?string=${tempVars(\"text\")}","path":"morsecode","storage":"1","varName":"kod_morsea","debugMode":"1","headers":"","name":"Store Json From WebAPI"},{"channel":"0","varName":"","message":"Your message in Morse Code: ``${tempVars(\"kod_morsea\")}``","storage":"0","varName2":"","iffalse":"0","iffalseVal":"","name":"Send Message"}]},{"name":"setcs","permissions":"NONE","restriction":"1","_id":"fDAdR","actions":[{"gameName":"<>help | Jon Snow#5332","gameLink":"","name":"Set Bot Game"},{"channel":"0","varName":"","message":"Bot Custom Status has been set!","storage":"0","varName2":"","iffalse":"0","iffalseVal":"","name":"Send Message"}]},{"name":"dog","permissions":"NONE","restriction":"0","_id":"NxulS","actions":[{"token":"","user":"","pass":"","url":"https://www.reddit.com/r/dog/random/.json","path":"$[0].data.children[0].data.url","storage":"1","varName":"imgurl","debugMode":"0","headers":"","name":"Store Json From WebAPI"},{"token":"","user":"","pass":"","url":"https://www.reddit.com/r/dog/random/.json","path":"$[0].data.children[0].data.permalink","storage":"1","varName":"redditsource","debugMode":"0","headers":"","name":"Store Json From WebAPI"},{"token":"","user":"","pass":"","url":"https://www.reddit.com/r/dog/random/.json","path":"$[0].data.children[0].data.title","storage":"1","varName":"title","debugMode":"0","headers":"Authorization: NANI cfb99ba8267b7281a70d19e5627f7192fb5f9d98","name":"Store Json From WebAPI"},{"token":"","user":"","pass":"","url":"https://www.reddit.com/r/dog/random/.json","path":"$[0].data.children[0].data.over_18","storage":"1","varName":"nsfw","debugMode":"0","headers":"Authorization: NANI cfb99ba8267b7281a70d19e5627f7192fb5f9d98","name":"Store Json From WebAPI"},{"storage":"1","varName":"imgurl","comparison":"0","value":"true","iftrue":"0","iftrueVal":"1","iffalse":"2","iffalseVal":"1","name":"Check Variable"},{"storage":"1","varName":"nsfw","comparison":"1","value":"true","iftrue":"2","iftrueVal":"1","iffalse":"0","iffalseVal":"","name":"Check Variable"},{"title":"${tempVars(\"title\")}","author":"","color":"#FF8C00","timestamp":"false","url":"https://www.reddit.com/${tempVars(\"redditsource\")}","authorIcon":"","imageUrl":"${tempVars(\"imgurl\")}","thumbUrl":"","storage":"1","varName":"embed","name":"Create Embed Message"},{"storage":"1","varName":"embed","channel":"0","varName2":"","name":"Send Embed Message"}],"comType":"0","_timeRestriction":5},{"name":"weather","permissions":"NONE","restriction":"1","_id":"WVPLf","actions":[{"storage":"0","varName":"","name":"Delete Message"},{"message":"0","varName":"","info":"0","ParamN":"1","separator":"","storage":"1","varName2":"city","name":"Store Message Params"},{"city":"${tempVars(\"city\")}","degreeType":"C","info":"1","storage":"1","varName":"balls","name":"Weather"},{"city":"${tempVars(\"city\")}","degreeType":"C","info":"0","storage":"1","varName":"temp","name":"Weather"},{"city":"${tempVars(\"city\")}","degreeType":"F","info":"9","storage":"1","varName":"humid","name":"Weather"},{"city":"${tempVars(\"city\")}","degreeType":"C","info":"14","storage":"1","varName":"reelfeel","name":"Weather"},{"city":"${tempVars(\"city\")}","degreeType":"C","info":"6","storage":"1","varName":"wind speed","name":"Weather"},{"city":"${tempVars(\"city\")}","degreeType":"C","info":"8","storage":"1","varName":"windir","name":"Weather"},{"city":"${tempVars(\"city\")}","degreeType":"C","info":"15","storage":"1","varName":"imgurl","name":"Weather"},{"member":"1","varName":"","info":"18","storage":"1","varName2":"user","name":"Store Member Info"},{"comment":"Here you can change the gif for each temperature","color":"#00ff00","name":"Comment"},{"storage":"1","varName":"temp","comparison":"3","value":"18","iftrue":"2","iftrueVal":"17","iffalse":"0","iffalseVal":"","name":"Check Variable"},{"storage":"1","varName":"temp","comparison":"3","value":"27","iftrue":"2","iftrueVal":"20","iffalse":"0","iffalseVal":"","name":"Check Variable"},{"storage":"1","varName":"temp","comparison":"3","value":"37","iftrue":"2","iftrueVal":"23","iffalse":"0","iffalseVal":"","name":"Check Variable"},{"storage":"1","varName":"temp","comparison":"3","value":"46","iftrue":"2","iftrueVal":"26","iffalse":"0","iffalseVal":"","name":"Check Variable"},{"name":"End Action Sequence"},{"title":"Weather in ${tempVars(\"city\")}","author":"","color":"PURPLE","url":"","authorIcon":"","authorUrl":"","imageUrl":"https://media1.tenor.com/images/c211f9f06df83572730bf868f8929d03/tenor.gif","thumbUrl":"${tempVars(\"imgurl\")}","timestamp":"true","debug":"false","text":"","year":"","month":"","day":"","hour":"","minute":"","second":"","storage":"1","varName":"emb","name":"Create Embed Message"},{"call":"29","name":"Jump to Action"},{"name":"End Action Sequence"},{"title":"Weather in ${tempVars(\"city\")}","author":"","color":"PURPLE","url":"","authorIcon":"","authorUrl":"","imageUrl":"https://media1.tenor.com/images/9040e42ababd2af9bec0de95cd5d9e59/tenor.gif","thumbUrl":"${tempVars(\"imgurl\")}","timestamp":"true","debug":"false","text":"","year":"","month":"","day":"","hour":"","minute":"","second":"","storage":"1","varName":"emb","name":"Create Embed Message"},{"call":"29","name":"Jump to Action"},{"name":"End Action Sequence"},{"title":"Weather in ${tempVars(\"city\")}","author":"","color":"PURPLE","url":"","authorIcon":"","authorUrl":"","imageUrl":"https://media1.tenor.com/images/01b8a246ad82b76fc56a446001b4d75a/tenor.gif","thumbUrl":"${tempVars(\"imgurl\")}","timestamp":"true","debug":"false","text":"","year":"","month":"","day":"","hour":"","minute":"","second":"","storage":"1","varName":"emb","name":"Create Embed Message"},{"call":"29","name":"Jump to Action"},{"name":"End Action Sequence"},{"title":"Weather in ${tempVars(\"city\")}","author":"","color":"PURPLE","url":"","authorIcon":"","authorUrl":"","imageUrl":"https://media1.tenor.com/images/94857a0788923d5e22ff6fdab8b2aa53/tenor.gif","thumbUrl":"${tempVars(\"imgurl\")}","timestamp":"true","debug":"false","text":"","year":"","month":"","day":"","hour":"","minute":"","second":"","storage":"1","varName":"emb","name":"Create Embed Message"},{"call":"29","name":"Jump to Action"},{"name":"End Action Sequence"},{"storage":"1","varName":"emb","fieldName":"Weather:","message":"${tempVars(\"balls\")}","inline":"0","name":"Add Embed Field"},{"storage":"1","varName":"emb","fieldName":"Temp:","message":"${tempVars(\"temp\")} °C","inline":"0","name":"Add Embed Field"},{"storage":"1","varName":"emb","fieldName":"Humidity:","message":"${tempVars(\"humid\")} %","inline":"0","name":"Add Embed Field"},{"storage":"1","varName":"emb","fieldName":"Feels Like:","message":"${tempVars(\"reelfeel\")} °C","inline":"0","name":"Add Embed Field"},{"storage":"1","varName":"emb","fieldName":"Wind Speed:","message":"${tempVars(\"wind speed\")}","inline":"0","name":"Add Embed Field"},{"storage":"1","varName":"emb","fieldName":"Wind Direction:","message":"${tempVars(\"windir\")}","inline":"0","name":"Add Embed Field"},{"storage":"1","varName":"emb","message":"Called by: ${tempVars(\"user\")}","footerIcon":"","name":"Set Embed Footer"},{"storage":"1","varName":"emb","channel":"0","varName2":"","storage3":"0","varName3":"","iffalse":"0","iffalseVal":"","messageContent":"","name":"Send Embed Message"}],"comType":"0"},{"name":"clear","permissions":"MANAGE_MESSAGES","restriction":"1","actions":[{"info":"0","infoIndex":"1","storage":"1","varName":"Number","name":"Store Command Params"},{"channel":"0","count":"${tempVars(\"Number\")}","condition":"0","custom":"","varName":"","name":"Delete Bulk Messages"},{"title":"${tempVars(\"Number\")} Messages have been deleted!","author":"","color":"","timestamp":"false","url":"","authorIcon":"","imageUrl":"","thumbUrl":"","storage":"1","varName":"embed","name":"Create Embed Message"},{"storage":"1","varName":"embed","channel":"0","varName2":"","name":"Send Embed Message"},{"storage":"0","varName":"","name":"Delete Message"}]}]